calc_time,funding_interval_hours,last_funding_rate
1704211200000,8,0.00010000
1704240000000,8,0.00010000
1704268800000,8,0.00010000
1704297600000,8,0.00010000
1704326400000,8,0.00010000
1704355200000,8,0.00010000
1704384000000,8,0.00010000
1704412800001,8,0.00010000
1704441600000,8,0.00010000
1704470400000,8,0.00010000
1704499200000,8,0.00004061
1704528000000,8,0.00009377
1704556800000,8,0.00006494
1704585600000,8,0.00004978
1704614400001,8,0.00009451
1704643200001,8,0.00010000
1704672000000,8,-0.00001556
1704700800000,8,0.00005794
1704729600000,8,0.00010000
1704758400001,8,0.00010000
1704787200000,8,0.00010000
1704816000000,8,0.00006105
1704844800000,8,0.00007137
1704873600000,8,0.00010000
1704902400000,8,0.00010000
1704931200000,8,0.00010000
1704960000000,8,0.00010000
1704988800000,8,0.00010000
1705017600001,8,0.00010000
1705046400000,8,0.00010000
1705075200000,8,0.00010000
1705104000000,8,0.00010000
1705132800000,8,0.00010000
1705161600001,8,0.00010000
1705190400000,8,0.00010000
1705219200000,8,0.00010000
1705248000001,8,0.00010000
1705276800000,8,0.00010000
1705305600000,8,0.00010000
1705334400000,8,0.00010000
1705363200000,8,0.00010000
1705392000000,8,0.00010000
1705420800001,8,0.00010000
1705449600000,8,0.00005306
1705478400000,8,0.00004969
1705507200000,8,0.00010000
1705536000001,8,0.00010000
1705564800000,8,0.00010000
1705593600000,8,0.00010000
1705622400000,8,0.00010000
1705651200000,8,0.00010000
1705680000002,8,0.00010000
1705708800000,8,0.00010000
1705737600003,8,0.00010000
1705766400000,8,0.00010000
1705795200000,8,0.00010000
1705824000000,8,0.00010000
1705852800000,8,0.00010000
1705881600000,8,0.00010000
1705910400000,8,0.00010000
1705939200000,8,0.00010000
1705968000000,8,0.00010000
1705996800000,8,0.00010000
1706025600000,8,0.00010000
1706054400000,8,0.00010000
1706083200000,8,0.00010000
1706112000000,8,0.00010000
1706140800000,8,0.00010000
1706169600001,8,0.00010000
1706198400000,8,0.00010000
1706227200001,8,0.00010000
1706256000000,8,0.00010000
1706284800000,8,0.00010000
1706313600000,8,0.00010000
1706342400000,8,0.00010000
1706371200000,8,0.00010000
1706400000000,8,0.00005219
1706428800000,8,0.00005557
1706457600000,8,0.00010000
1706486400000,8,0.00010000
1706515200001,8,0.00010000
1706544000000,8,0.00010000
1706572800000,8,0.00010000
1706601600000,8,0.00010000
1706630400001,8,0.00010000
1706659200000,8,-0.00000971
1706688000000,8,0.00010000
1706716800000,8,0.00010000
1706745600000,8,0.00004817
1706774400000,8,0.00009729
1706803200002,8,0.00010000
1706832000000,8,0.00008147
1706860800000,8,0.00010000
1706889600000,8,0.00010000
1706918400000,8,0.00010000
1706947200000,8,0.00008078
1706976000001,8,0.00009546
1707004800000,8,0.00006468
1707033600004,8,0.00004632
1707062400000,8,0.00008152
1707091200000,8,0.00006730
1707120000000,8,0.00010000
1707148800000,8,0.00010000
1707177600000,8,0.00010000
1707206400001,8,0.00010000
1707235200000,8,0.00010000
1707264000000,8,0.00010000
1707292800000,8,0.00010000
1707321600000,8,0.00010000
1707350400000,8,0.00010000
1707379200000,8,0.00010000
1707408000000,8,0.00010000
1707436800000,8,0.00002636
1707465600000,8,0.00010000
1707494400001,8,0.00010000
1707523200001,8,-0.00004751
1707552000000,8,0.00001067
1707580800000,8,-0.00003323
1707609600000,8,0.00006596
1707638400001,8,0.00009411
1707667200000,8,0.00010000
1707696000000,8,0.00010000
1707724800000,8,0.00010000
1707753600000,8,0.00010000
1707782400000,8,0.00010000
1707811200000,8,0.00010000
1707840000000,8,0.00010000
1707868800000,8,0.00010000
1707897600000,8,0.00010000
1707926400000,8,0.00010000
1707955200000,8,0.00010000
1707984000000,8,0.00010000
1708012800000,8,0.00010000
1708041600000,8,0.00010000
1708070400000,8,0.00010000
1708099200000,8,0.00010000
1708128000000,8,0.00010000
1708156800000,8,0.00010000
1708185600000,8,0.00010000
1708214400000,8,0.00010000
1708243200000,8,0.00010000
1708272000000,8,0.00010000
1708300800000,8,0.00013363
1708329600000,8,0.00010047
1708358400000,8,0.00012240
1708387200000,8,0.00010000
1708416000000,8,0.00020801
1708444800000,8,0.00018314
1708473600000,8,0.00010000
1708502400000,8,0.00010000
1708531200000,8,0.00010000
1708560000001,8,0.00010000
1708588800001,8,0.00012666
1708617600000,8,0.00015709
1708646400000,8,0.00010000
1708675200000,8,0.00010000
1708704000000,8,0.00010109
1708732800000,8,0.00010000
1708761600001,8,0.00010000
1708790400000,8,0.00010000
1708819200001,8,0.00010000
1708848000000,8,0.00013570
1708876800000,8,0.00012748
1708905600000,8,0.00010000
1708934400000,8,0.00010000
1708963200000,8,0.00016193
1708992000000,8,0.00010000
1709020800000,8,0.00052289
1709049600000,8,0.00018769
1709078400000,8,0.00010000
1709107200000,8,0.00016869
1709136000000,8,0.00045244
1709164800000,8,0.00040231
1709193600000,8,0.00066139
1709222400000,8,0.00051006
1709251200000,8,0.00048253
1709280000000,8,0.00059742
1709308800000,8,0.00036861
1709337600000,8,0.00012804
1709366400001,8,0.00028141
1709395200000,8,0.00040040
1709424000000,8,0.00031423
1709452800000,8,0.00041298
1709481600000,8,0.00040274
1709510400000,8,0.00047488
1709539200000,8,0.00052677
1709568000000,8,0.00066336
1709596800000,8,0.00032510
1709625600000,8,0.00081885
1709654400000,8,0.00075925
1709683200000,8,0.00015494
1709712000001,8,0.00027166
1709740800000,8,0.00042833
1709769600000,8,0.00010000
1709798400000,8,0.00031623
1709827200000,8,0.00036485
1709856000000,8,0.00010000
1709884800000,8,0.00010000
1709913600000,8,0.00036077
1709942400000,8,0.00010000
1709971200001,8,0.00010000
1710000000000,8,0.00010000
1710028800000,8,0.00010000
1710057600000,8,0.00054706
1710086400000,8,0.00057854
1710115200000,8,0.00040100
1710144000000,8,0.00090388
1710172800000,8,0.00058155
1710201600000,8,0.00038027
1710230400000,8,0.00061446
1710259200000,8,0.00067721
1710288000000,8,0.00048299
1710316800001,8,0.00067239
1710345600000,8,0.00042104
1710374400001,8,0.00016927
1710403200000,8,0.00042062
1710432000000,8,0.00048660
1710460800000,8,0.00046527
1710489600000,8,0.00043866
1710518400000,8,0.00034623
1710547200000,8,0.00011563
1710576000000,8,0.00037149
1710604800000,8,0.00041366
1710633600000,8,0.00036746
1710662400000,8,0.00033676
1710691200000,8,0.00047322
1710720000000,8,0.00020364
1710748800000,8,0.00035562
1710777600001,8,0.00027511
1710806400000,8,0.00025377
1710835200000,8,0.00033006
1710864000001,8,0.00029476
1710892800000,8,0.00023088
1710921600004,8,0.00023975
1710950400000,8,0.00010000
1710979200000,8,0.00010000
1711008000000,8,0.00010000
1711036800000,8,0.00014802
1711065600000,8,0.00014792
1711094400000,8,0.00010000
1711123200000,8,0.00014957
1711152000000,8,0.00010000
1711180800000,8,0.00010000
1711209600000,8,0.00010000
1711238400000,8,0.00010000
1711267200000,8,0.00010000
1711296000000,8,0.00010000
1711324800000,8,0.00015805
1711353600001,8,0.00011726
1711382400000,8,0.00026157
1711411200000,8,0.00025168
1711440000000,8,0.00022075
1711468800000,8,0.00029492
1711497600000,8,0.00033129
1711526400001,8,0.00030134
1711555200000,8,0.00043752
1711584000000,8,0.00025435
1711612800000,8,0.00032328
1711641600000,8,0.00036880
1711670400000,8,0.00018798
1711699200000,8,0.00035098
1711728000000,8,0.00035812
1711756800000,8,0.00027526
1711785600000,8,0.00039926
1711814400000,8,0.00038281
1711843200000,8,0.00038087
1711872000000,8,0.00049065
1711900800001,8,0.00047530
1711929600000,8,0.00075320
1711958400000,8,0.00036795
1711987200000,8,0.00036225
1712016000007,8,0.00015351
1712044800015,8,0.00010000
1712073600000,8,0.00026221
1712102400000,8,0.00010471
1712131200000,8,0.00010557
1712160000000,8,0.00013484
1712188800000,8,0.00010000
1712217600000,8,0.00010000
1712246400000,8,0.00010000
1712275200000,8,0.00010000
1712304000000,8,0.00010000
1712332800000,8,0.00010000
1712361600000,8,0.00010000
1712390400000,8,0.00010000
1712419200000,8,0.00010000
1712448000000,8,0.00010000
1712476800000,8,0.00010000
1712505600000,8,0.00010000
1712534400001,8,0.00010000
1712563200000,8,0.00010000
1712592000006,8,0.00034279
1712620800000,8,0.00010000
1712649600001,8,0.00013821
1712678400001,8,0.00024574
1712707200000,8,0.00012831
1712736000001,8,0.00010000
1712764800000,8,0.00010000
1712793600000,8,0.00010000
1712822400000,8,0.00010000
1712851200000,8,0.00010000
1712880000000,8,0.00010000
1712908800001,8,0.00010000
1712937600000,8,0.00010000
1712966400000,8,0.00010000
1712995200000,8,0.00010000
1713024000001,8,0.00010000
1713052800000,8,0.00010000
1713081600000,8,0.00010000
1713110400000,8,0.00010000
1713139200000,8,0.00010000
1713168000001,8,0.00002937
1713196800000,8,0.00009886
1713225600001,8,0.00010000
1713254400000,8,0.00006580
1713283200000,8,-0.00002886
1713312000000,8,0.00001217
1713340800000,8,0.00001395
1713369600000,8,0.00002160
1713398400000,8,0.00001356
1713427200000,8,0.00002692
1713456000000,8,-0.00006304
1713484800001,8,-0.00008334
1713513600000,8,0.00008770
1713542400000,8,0.00003712
1713571200000,8,0.00006948
1713600000000,8,-0.00000947
1713628800000,8,0.00002322
1713657600000,8,0.00004363
1713686400000,8,0.00002263
1713715200000,8,0.00008962
1713744000000,8,0.00008771
1713772800000,8,0.00004017
1713801600000,8,0.00001625
1713830400000,8,-0.00002012
1713859200000,8,0.00005151
1713888000001,8,0.00006291
1713916800000,8,0.00005972
1713945600000,8,0.00010000
1713974400000,8,0.00010000
1714003200000,8,0.00010000
1714032000000,8,0.00006833
1714060800010,8,0.00009825
1714089600001,8,0.00001892
1714118400000,8,0.00004338
1714147200000,8,0.00004811
1714176000000,8,0.00010000
1714204800001,8,0.00010000
1714233600000,8,0.00010000
1714262400000,8,0.00009719
1714291200000,8,0.00010000
1714320000000,8,0.00010000
1714348800000,8,0.00009636
1714377600000,8,-0.00001225
1714406400000,8,0.00009880
1714435200000,8,0.00010000
1714464000000,8,0.00010000
1714492800000,8,0.00010000
1714521600000,8,0.00010000
1714550400000,8,0.00010000
1714579200000,8,0.00010000
1714608000000,8,0.00010000
1714636800000,8,0.00010000
1714665600002,8,-0.00004970
1714694400000,8,-0.00003661
1714723200000,8,-0.00004223
1714752000000,8,0.00010000
1714780800000,8,-0.00002028
1714809600000,8,-0.00000868
1714838400000,8,0.00010000
1714867200000,8,0.00010000
1714896000000,8,0.00008881
1714924800000,8,0.00008710
1714953600000,8,0.00008773
1714982400000,8,0.00004515
1715011200000,8,0.00010000
1715040000000,8,0.00010000
1715068800000,8,0.00004788
1715097600000,8,0.00010000
1715126400000,8,0.00010000
1715155200000,8,0.00006397
1715184000000,8,0.00010000
1715212800000,8,0.00010000
1715241600000,8,0.00002301
1715270400000,8,0.00010000
1715299200000,8,0.00003959
1715328000000,8,0.00006139
1715356800000,8,0.00006479
1715385600000,8,0.00010000
1715414400000,8,0.00006058
1715443200000,8,0.00009477
1715472000000,8,0.00008703
1715500800000,8,0.00002241
1715529600000,8,0.00010000
1715558400001,8,0.00008012
1715587200001,8,0.00010000
1715616000000,8,0.00010000
1715644800000,8,0.00002382
1715673600000,8,0.00010000
1715702400000,8,0.00010000
1715731200000,8,0.00010000
1715760000000,8,0.00004463
1715788800000,8,0.00001816
1715817600004,8,-0.00007870
1715846400000,8,0.00006793
1715875200000,8,-0.00000681
1715904000000,8,0.00002447
1715932800000,8,-0.00001040
1715961600000,8,0.00004036
1715990400000,8,-0.00002867
1716019200000,8,0.00010000
1716048000000,8,0.00001399
1716076800000,8,0.00005020
1716105600000,8,0.00008901
1716134400000,8,0.00010000
1716163200000,8,0.00008424
1716192000000,8,0.00009408
1716220800003,8,0.00010000
1716249600000,8,0.00010000
1716278400001,8,0.00010000
1716307200000,8,0.00010000
1716336000000,8,0.00010000
1716364800000,8,0.00010000
1716393600000,8,0.00010000
1716422400000,8,0.00010000
1716451200000,8,0.00010206
1716480000000,8,0.00012350
1716508800000,8,0.00010000
1716537600000,8,0.00010000
1716566400000,8,0.00010000
1716595200000,8,0.00010000
1716624000000,8,0.00010000
1716652800000,8,0.00010000
1716681600000,8,0.00010000
1716710400000,8,0.00010000
1716739200000,8,0.00010000
1716768000000,8,0.00010000
1716796800000,8,0.00010000
1716825600000,8,0.00022469
1716854400000,8,0.00033353
1716883200000,8,0.00010471
1716912000000,8,0.00023393
1716940800001,8,0.00026805
1716969600000,8,0.00023169
1716998400000,8,0.00016247
1717027200000,8,0.00012426
1717056000000,8,0.00010000
1717084800000,8,0.00010000
1717113600000,8,0.00010000
1717142400000,8,0.00010000
1717171200000,8,0.00010000
1717200000000,8,0.00016668
1717228800000,8,0.00010000
1717257600001,8,0.00010000
1717286400000,8,0.00010000
1717315200000,8,0.00010000
1717344000000,8,0.00010000
1717372800000,8,0.00010000
1717401600000,8,0.00010000
1717430400000,8,0.00010000
1717459200000,8,0.00010000
1717488000000,8,0.00010000
1717516800000,8,0.00010000
1717545600000,8,0.00010000
1717574400000,8,0.00018459
1717603200000,8,0.00014139
1717632000000,8,0.00010000
1717660800008,8,0.00010000
1717689600000,8,0.00011156
1717718400000,8,0.00010000
1717747200000,8,0.00010000
1717776000000,8,0.00016029
1717804800000,8,0.00010000
1717833600000,8,0.00010000
1717862400000,8,0.00010000
1717891200000,8,0.00010000
1717920000000,8,0.00010000
1717948800001,8,0.00010000
1717977600000,8,0.00010000
1718006400000,8,0.00010000
1718035200001,8,0.00010000
1718064000001,8,0.00010000
1718092800000,8,0.00010000
1718121600000,8,0.00010000
1718150400000,8,0.00010000
1718179200000,8,0.00010000
1718208000000,8,0.00010000
1718236800000,8,0.00010000
1718265600001,8,0.00010000
1718294400000,8,0.00010000
1718323200000,8,0.00010000
1718352000000,8,0.00010000
1718380800000,8,0.00010000
1718409600000,8,0.00010000
1718438400000,8,0.00010000
1718467200000,8,0.00010000
1718496000001,8,0.00010000
1718524800000,8,0.00010000
1718553600000,8,0.00010000
1718582400000,8,0.00010000
1718611200000,8,0.00010000
1718640000000,8,0.00010000
1718668800000,8,0.00010000
1718697600000,8,0.00010000
1718726400000,8,0.00010000
1718755200001,8,0.00010000
1718784000001,8,0.00002344
1718812800000,8,0.00006855
1718841600000,8,0.00010000
1718870400000,8,0.00010000
1718899200000,8,0.00010000
1718928000000,8,0.00010000
1718956800000,8,0.00010000
1718985600000,8,0.00010000
1719014400000,8,0.00010000
1719043200000,8,0.00010000
1719072000000,8,0.00010000
1719100800000,8,0.00010000
1719129600000,8,0.00010000
1719158400000,8,0.00010000
1719187200002,8,0.00010000
1719216000000,8,0.00010000
1719244800000,8,0.00010000
1719273600000,8,-0.00000253
1719302400000,8,0.00010000
1719331200000,8,0.00010000
1719360000002,8,0.00010000
1719388800000,8,0.00010000
1719417600000,8,0.00010000
1719446400000,8,0.00010000
1719475200001,8,0.00010000
1719504000000,8,0.00010000
1719532800000,8,0.00010000
1719561600000,8,0.00010000
1719590400000,8,0.00010000
1719619200001,8,0.00010000
1719648000000,8,0.00010000
1719676800000,8,0.00010000
1719705600000,8,0.00010000
1719734400000,8,0.00010000
1719763200000,8,0.00010000
1719792000000,8,0.00010000
1719820800000,8,0.00010000
1719849600001,8,0.00010000
1719878400000,8,0.00010000
1719907200000,8,0.00010000
1719936000000,8,0.00010000
1719964800000,8,0.00010000
1719993600001,8,0.00010000
1720022400000,8,0.00010000
1720051200000,8,0.00010000
1720080000000,8,0.00010000
1720108800000,8,0.00010000
1720137600000,8,0.00006639
1720166400000,8,-0.00001368
1720195200000,8,0.00000492
1720224000000,8,0.00002476
1720252800000,8,0.00008600
1720281600000,8,0.00004946
1720310400001,8,0.00005995
1720339200000,8,0.00010000
1720368000000,8,0.00010000
1720396800000,8,0.00010000
1720425600000,8,0.00010000
1720454400000,8,0.00010000
1720483200000,8,0.00010000
1720512000001,8,-0.00000701
1720540800000,8,0.00010000
1720569600000,8,0.00010000
1720598400000,8,0.00006048
1720627200000,8,0.00010000
1720656000002,8,0.00010000
1720684800002,8,0.00009484
1720713600004,8,0.00008646
1720742400000,8,0.00004494
1720771200000,8,0.00005940
1720800000000,8,0.00006322
1720828800000,8,0.00009959
1720857600000,8,0.00008783
1720886400000,8,0.00004889
1720915200000,8,0.00010000
1720944000000,8,0.00010000
1720972800000,8,0.00010000
1721001600000,8,0.00010000
1721030400000,8,0.00004355
1721059200000,8,0.00008995
1721088000000,8,0.00000306
1721116800000,8,0.00010000
1721145600000,8,0.00010000
1721174400000,8,-0.00000501
1721203200001,8,0.00006582
1721232000000,8,0.00003706
1721260800000,8,0.00000126
1721289600000,8,0.00001210
1721318400000,8,0.00001867
1721347200000,8,0.00003956
1721376000000,8,0.00004445
1721404800000,8,0.00010000
1721433600001,8,-0.00002941
1721462400000,8,0.00008025
1721491200000,8,0.00010000
1721520000000,8,0.00007698
1721548800000,8,0.00008837
1721577600000,8,0.00005499
1721606400000,8,0.00008674
1721635200000,8,0.00008494
1721664000000,8,0.00008411
1721692800000,8,-0.00002336
1721721600000,8,0.00006826
1721750400000,8,0.00002970
1721779200000,8,0.00010000
1721808000000,8,0.00010000
1721836800000,8,0.00007232
1721865600000,8,0.00010000
1721894400000,8,0.00010000
1721923200000,8,0.00010000
1721952000000,8,0.00007743
1721980800000,8,0.00006639
1722009600000,8,0.00004380
1722038400000,8,0.00002239
1722067200000,8,0.00006474
1722096000000,8,0.00010000
1722124800000,8,0.00009939
1722153600000,8,0.00005836
1722182400001,8,0.00005516
1722211200001,8,0.00010000
1722240000000,8,0.00010000
1722268800001,8,0.00010000
1722297600000,8,0.00000887
1722326400001,8,0.00006009
1722355200000,8,0.00010000
1722384000000,8,0.00008475
1722412800000,8,0.00007182
1722441600000,8,0.00010000
1722470400000,8,0.00006737
1722499200000,8,0.00010000
1722528000000,8,0.00010000
1722556800000,8,0.00010000
1722585600001,8,0.00006973
1722614400000,8,0.00007496
1722643200000,8,0.00005350
1722672000000,8,0.00006285
1722700800001,8,-0.00001371
1722729600000,8,0.00002546
1722758400000,8,-0.00000311
1722787200000,8,0.00000205
1722816000000,8,-0.00005121
1722844800000,8,-0.00006848
1722873600000,8,-0.00002436
1722902400000,8,0.00002652
1722931200000,8,-0.00006232
1722960000000,8,0.00003715
1722988800000,8,-0.00005574
1723017600001,8,-0.00004673
1723046400000,8,-0.00001245
1723075200001,8,-0.00002887
1723104000000,8,0.00003354
1723132800000,8,-0.00002569
1723161600000,8,0.00000299
1723190400000,8,0.00010000
1723219200000,8,-0.00000280
1723248000000,8,-0.00003393
1723276800000,8,0.00003111
1723305600000,8,0.00004624
1723334400000,8,0.00001803
1723363200000,8,0.00000176
1723392000001,8,-0.00001239
1723420800000,8,0.00003766
1723449600000,8,0.00006356
1723478400000,8,-0.00001207
1723507200000,8,0.00004592
1723536000000,8,0.00003174
1723564800000,8,0.00000617
1723593600000,8,0.00002618
1723622400000,8,-0.00004456
1723651200000,8,-0.00010192
1723680000000,8,-0.00003668
1723708800000,8,0.00003384
1723737600000,8,0.00000836
1723766400000,8,-0.00012576
1723795200000,8,0.00002861
1723824000000,8,0.00006062
1723852800000,8,0.00003871
1723881600000,8,0.00005144
1723910400000,8,0.00003590
1723939200000,8,0.00006216
1723968000000,8,0.00007767
1723996800000,8,0.00006149
1724025600000,8,-0.00000896
1724054400000,8,0.00004477
1724083200002,8,-0.00001570
1724112000000,8,-0.00002915
1724140800000,8,-0.00000110
1724169600001,8,-0.00002810
1724198400001,8,-0.00006931
1724227200000,8,-9.7E-7
1724256000001,8,0.00002075
1724284800000,8,0.00000335
1724313600000,8,0.00004520
1724342400008,8,-0.00002992
1724371200000,8,-0.00002630
1724400000000,8,-0.00000158
1724428800000,8,0.00004595
1724457600000,8,-0.00004917
1724486400005,8,0.00005437
1724515200000,8,0.00009002
1724544000000,8,0.00008886
1724572800000,8,0.00002418
1724601600000,8,0.00008301
1724630400000,8,0.00006940
1724659200001,8,0.00007245
1724688000000,8,0.00005211
1724716800001,8,0.00001511
1724745600000,8,0.00005000
1724774400000,8,0.00005407
1724803200000,8,-0.00007219
1724832000000,8,-0.00000728
1724860800001,8,0.00000955
1724889600000,8,0.00000693
1724918400001,8,-0.00006161
1724947200000,8,-0.00001132
1724976000000,8,0.00001454
1725004800000,8,0.00002084
1725033600000,8,0.00004790
1725062400000,8,0.00002175
1725091200000,8,0.00004094
1725120000000,8,-0.00000230
1725148800000,8,0.00003100
1725177600001,8,-0.00002584
1725206400000,8,0.00000141
1725235200001,8,-0.00004639
1725264000001,8,0.00002640
1725292800000,8,0.00004729
1725321600000,8,0.00005406
1725350400001,8,0.00005934
1725379200000,8,0.00004032
1725408000000,8,0.00001661
1725436800000,8,-0.00003818
1725465600000,8,-0.00007492
1725494400000,8,0.00006183
1725523200000,8,-0.00001476
1725552000005,8,0.00001509
1725580800000,8,0.00007094
1725609600001,8,0.00004932
1725638400000,8,0.00001863
1725667200000,8,0.00002714
1725696000000,8,0.00001178
1725724800000,8,-0.00006314
1725753600000,8,-0.00001676
1725782400000,8,-0.00001065
1725811200000,8,-0.00001549
1725840000000,8,-0.00001778
1725868800000,8,-0.00003273
1725897600001,8,-0.00004580
1725926400000,8,-0.00003988
1725955200000,8,-0.00001211
1725984000000,8,0.00003274
1726012800000,8,-0.00002721
1726041600000,8,-0.00000412
1726070400000,8,-0.00000531
1726099200000,8,-0.00007352
1726128000000,8,0.00000705
1726156800000,8,0.00002917
1726185600000,8,0.00001402
1726214400001,8,0.00003301
1726243200001,8,0.00004581
1726272000000,8,-0.00007436
1726300800000,8,0.00002394
1726329600001,8,0.00004476
1726358400000,8,0.00003965
1726387200000,8,-0.00000740
1726416000000,8,0.00003469
1726444800000,8,0.00007177
1726473600001,8,0.00009002
1726502400000,8,0.00005566
1726531200001,8,0.00007825
1726560000000,8,0.00006085
1726588800000,8,0.00009791
1726617600000,8,0.00001839
1726646400000,8,0.00004152
1726675200004,8,0.00002179
1726704000000,8,-0.00000592
1726732800000,8,0.00003975
1726761600001,8,0.00002425
1726790400000,8,0.00005857
1726819200001,8,0.00000308
1726848000000,8,0.00008169
1726876800001,8,0.00004129
1726905600000,8,0.00008970
1726934400000,8,0.00006744
1726963200000,8,0.00006092
1726992000000,8,0.00004879
1727020800000,8,0.00010000
1727049600000,8,0.00006345
1727078400000,8,0.00003450
1727107200000,8,0.00004525
1727136000000,8,0.00004861
1727164800000,8,0.00007250
1727193600001,8,0.00004332
1727222400000,8,0.00006417
1727251200003,8,0.00004466
1727280000000,8,0.00006573
1727308800005,8,0.00006083
1727337600000,8,0.00010000
1727366400000,8,0.00010000
1727395200000,8,0.00010000
1727424000000,8,0.00001595
1727452800000,8,0.00009220
1727481600000,8,0.00003464
1727510400001,8,0.00003955
1727539200000,8,0.00010000
1727568000001,8,0.00004618
1727596800000,8,0.00007733
1727625600000,8,0.00007858
1727654400000,8,0.00008752
1727683200001,8,0.00002636
1727712000000,8,0.00010000
1727740800000,8,0.00007187
1727769600000,8,0.00010000
1727798400001,8,0.00005545
1727827200000,8,-0.00000426
1727856000000,8,0.00002214
1727884800000,8,0.00008546
1727913600000,8,0.00010000
1727942400000,8,0.00003431
1727971200000,8,0.00006804
1728000000000,8,0.00004416
1728028800000,8,0.00003121
1728057600001,8,0.00007643
1728086400000,8,0.00001969
1728115200000,8,0.00006184
1728144000000,8,0.00006643
1728172800000,8,0.00010000
1728201600001,8,0.00010000
1728230400000,8,0.00007702
1728259200000,8,0.00003635
1728288000000,8,0.00005152
1728316800001,8,0.00010000
1728345600000,8,-0.00004598
1728374400000,8,0.00009711
1728403200000,8,0.00010000
1728432000000,8,0.00006731
1728460800000,8,0.00009064
1728489600000,8,0.00010000
1728518400000,8,0.00003468
1728547200000,8,0.00010000
1728576000000,8,0.00010000
1728604800000,8,0.00001840
1728633600000,8,0.00004970
1728662400001,8,0.00007149
1728691200000,8,0.00003792
1728720000001,8,0.00009324
1728748800000,8,0.00003938
1728777600000,8,0.00006746
1728806400000,8,0.00010000
1728835200000,8,0.00010000
1728864000000,8,0.00009349
1728892800000,8,0.00010000
1728921600000,8,0.00010000
1728950400000,8,0.00010000
1728979200000,8,0.00010000
1729008000000,8,0.00010000
1729036800000,8,0.00008649
1729065600001,8,0.00010000
1729094400000,8,0.00010000
1729123200000,8,0.00006525
1729152000000,8,0.00003002
1729180800001,8,0.00010000
1729209600010,8,0.00009086
1729238400001,8,0.00005269
1729267200000,8,0.00009546
1729296000000,8,0.00007198
1729324800000,8,0.00010000
1729353600000,8,0.00010000
1729382400000,8,0.00006186
1729411200000,8,0.00010000
1729440000000,8,0.00010000
1729468800000,8,0.00010000
1729497600000,8,0.00010000
1729526400000,8,0.00010000
1729555200000,8,0.00010000
1729584000000,8,0.00010000
1729612800000,8,0.00010000
1729641600000,8,0.00010000
1729670400000,8,0.00010000
1729699200000,8,0.00010000
1729728000000,8,0.00010000
1729756800000,8,0.00010000
1729785600000,8,0.00010000
1729814400000,8,0.00010000
1729843200000,8,0.00010000
1729872000000,8,0.00010000
1729900800000,8,0.00010000
1729929600001,8,0.00010000
1729958400000,8,0.00010000
1729987200000,8,0.00010000
1730016000000,8,0.00010000
1730044800000,8,0.00009895
1730073600000,8,0.00010000
1730102400001,8,0.00010000
1730131200000,8,0.00010000
1730160000000,8,0.00010000
1730188800000,8,0.00010000
1730217600004,8,0.00010000
1730246400000,8,0.00010000
1730275200000,8,0.00010000
1730304000013,8,0.00010000
1730332800000,8,0.00010000
1730361600000,8,0.00010000
1730390400000,8,0.00010000
1730419200000,8,0.00010000
1730448000000,8,0.00010000
1730476800000,8,0.00010000
1730505600000,8,0.00010000
1730534400000,8,0.00010000
1730563200000,8,0.00010000
1730592000000,8,0.00008434
1730620800000,8,0.00010000
1730649600000,8,0.00009734
1730678400000,8,0.00010000
1730707200000,8,0.00010000
1730736000000,8,0.00010000
1730764800000,8,0.00010000
1730793600003,8,0.00010000
1730822400001,8,0.00010000
1730851200000,8,0.00004778
1730880000000,8,0.00010000
1730908800000,8,0.00010000
1730937600000,8,0.00010000
1730966400000,8,0.00010000
1730995200000,8,0.00010000
1731024000000,8,0.00010000
1731052800000,8,0.00010000
1731081600000,8,0.00010000
1731110400000,8,-0.00006159
1731139200000,8,0.00010000
1731168000000,8,0.00010000
1731196800000,8,0.00010000
1731225600000,8,0.00010000
1731254400000,8,0.00010000
1731283200001,8,0.00014584
1731312000000,8,0.00010000
1731340800000,8,0.00010000
1731369600002,8,0.00010000
1731398400000,8,0.00032327
1731427200000,8,0.00042533
1731456000000,8,0.00010000
1731484800010,8,0.00010000
1731513600000,8,0.00010000
1731542400001,8,0.00010000
1731571200000,8,0.00010000
1731600000000,8,0.00010000
1731628800000,8,0.00010000
1731657600000,8,0.00010000
1731686400000,8,0.00010000
1731715200001,8,0.00010000
1731744000001,8,0.00010000
1731772800000,8,0.00010000
1731801600000,8,0.00010000
1731830400000,8,0.00010000
1731859200001,8,0.00015292
1731888000000,8,0.00010000
1731916800000,8,0.00035907
1731945600000,8,0.00016694
1731974400000,8,0.00014168
1732003200000,8,0.00028737
1732032000000,8,0.00016838
1732060800003,8,0.00010000
1732089600000,8,0.00010000
1732118400000,8,0.00010000
1732147200001,8,0.00010000
1732176000000,8,0.00010000
1732204800001,8,0.00010000
1732233600000,8,0.00010000
1732262400000,8,0.00010000
1732291200001,8,0.00010000
1732320000000,8,0.00010000
1732348800000,8,0.00010000
1732377600000,8,0.00010000
1732406400001,8,0.00010000
1732435200000,8,0.00010000
1732464000000,8,0.00010000
1732492800000,8,0.00020837
1732521600000,8,0.00010000
1732550400000,8,0.00023842
1732579200000,8,0.00010000
1732608000000,8,0.00010000
1732636800000,8,0.00017858
1732665600000,8,0.00031608
1732694400000,8,0.00024111
1732723200001,8,0.00016082
1732752000000,8,0.00010000
1732780800000,8,0.00010925
1732809600000,8,0.00018435
1732838400000,8,0.00024949
1732867200000,8,0.00024590
1732896000000,8,0.00020438
1732924800000,8,0.00010000
1732953600000,8,0.00023790
1732982400000,8,0.00014826
1733011200000,8,0.00013990
1733040000000,8,0.00020534
1733068800000,8,0.00010000
1733097600001,8,0.00021001
1733126400001,8,0.00030655
1733155200000,8,0.00030271
1733184000000,8,0.00017357
1733212800000,8,0.00025775
1733241600000,8,0.00024288
1733270400000,8,0.00022916
1733299200000,8,0.00026274
1733328000000,8,0.00039676
1733356800001,8,0.00010000
1733385600000,8,0.00081694
1733414400000,8,0.00054074
1733443200000,8,0.00010000
1733472000000,8,0.00010000
1733500800000,8,0.00010000
1733529600000,8,0.00010000
1733558400000,8,0.00010000
1733587200000,8,0.00017547
1733616000000,8,0.00010829
1733644800000,8,0.00013601
1733673600000,8,0.00012757
1733702400000,8,0.00023616
1733731200000,8,0.00019352
1733760000001,8,0.00032738
1733788800007,8,0.00010301
1733817600000,8,0.00010000
1733846400000,8,0.00010000
1733875200000,8,0.00010000
1733904000000,8,0.00010000
1733932800001,8,0.00010000
1733961600001,8,0.00010000
1733990400000,8,0.00010000
1734019200001,8,0.00010000
1734048000000,8,0.00010000
1734076800000,8,0.00010000
1734105600001,8,0.00010000
1734134400000,8,0.00010000
1734163200000,8,0.00010000
1734192000000,8,0.00010000
1734220800000,8,0.00010000
1734249600000,8,0.00010000
1734278400000,8,0.00010000
1734307200000,8,0.00010000
1734336000001,8,0.00010000
1734364800000,8,0.00010000
1734393600000,8,0.00010000
1734422400000,8,0.00010000
1734451200000,8,0.00010000
1734480000000,8,0.00010000
1734508800000,8,0.00010000
1734537600000,8,0.00010000
1734566400000,8,0.00010000
1734595200000,8,0.00010000
1734624000000,8,0.00010000
1734652800000,8,0.00010000
1734681600001,8,0.00010000
1734710400014,8,0.00010000
1734739200000,8,0.00010000
1734768000000,8,0.00010000
1734796800001,8,0.00009709
1734825600000,8,0.00006482
1734854400000,8,0.00010000
1734883200000,8,0.00010000
1734912000000,8,0.00010000
1734940800000,8,0.00010000
1734969600001,8,0.00010000
1734998400000,8,0.00010000
1735027200000,8,0.00010000
1735056000001,8,0.00010000
1735084800001,8,0.00010000
1735113600000,8,0.00010000
1735142400000,8,0.00010000
1735171200000,8,0.00010000
1735200000000,8,0.00010000
1735228800000,8,0.00010000
1735257600000,8,0.00010000
1735286400000,8,0.00010000
1735315200000,8,0.00010000
1735344000001,8,0.00010000
1735372800000,8,0.00010000
1735401600000,8,0.00008621
1735430400000,8,0.00010000
1735459200000,8,0.00010000
1735488000000,8,0.00008524
1735516800000,8,0.00006132
1735545600001,8,0.00010000
1735574400000,8,0.00010000
1735603200000,8,0.00010000
1735632000000,8,0.00010000
1735660800000,8,0.00010000
1735689600015,8,0.00010000
1735718400000,8,0.00010000
1735747200001,8,0.00010000
1735776000000,8,0.00010000
1735804800006,8,0.00010000
1735833600000,8,0.00010000
1735862400000,8,0.00010000
1735891200000,8,0.00010000
1735920000000,8,0.00010000
1735948800000,8,0.00010000
1735977600000,8,0.00010000
1736006400000,8,0.00010000
1736035200000,8,0.00010000
1736064000000,8,0.00010000
1736092800000,8,0.00010000
1736121600000,8,0.00010000
1736150400001,8,0.00010000
1736179200000,8,0.00010000
1736208000000,8,0.00010000
1736236800000,8,0.00007795
1736265600008,8,0.00010000
1736294400001,8,0.00001487
1736323200000,8,-0.00001238
1736352000000,8,0.00001265
1736380800000,8,0.00005916
1736409600000,8,0.00005070
1736438400000,8,-0.00002226
1736467200000,8,0.00002078
1736496000000,8,0.00006199
1736524800000,8,0.00009630
1736553600000,8,0.00010000
1736582400000,8,0.00005234
1736611200000,8,0.00005878
1736640000000,8,0.00005782
1736668800000,8,0.00010000
1736697600000,8,0.00010000
1736726400000,8,0.00010000
1736755200000,8,0.00010000
1736784000000,8,0.00010000
1736812800000,8,0.00010000
1736841600000,8,0.00010000
1736870400000,8,0.00010000
1736899200000,8,0.00010000
1736928000000,8,0.00010000
1736956800000,8,0.00010000
1736985600000,8,-0.00000114
1737014400000,8,0.00010000
1737043200000,8,0.00008803
1737072000004,8,0.00010000
1737100800000,8,0.00010000
1737129600008,8,0.00010000
1737158400000,8,0.00010000
1737187200007,8,0.00010000
1737216000000,8,0.00010000
1737244800000,8,0.00010000
1737273600000,8,0.00010000
1737302400000,8,0.00010000
1737331200000,8,0.00015318
1737360000009,8,0.00021272
1737388800000,8,0.00018886
1737417600000,8,0.00010000
1737446400000,8,0.00010000
1737475200000,8,0.00010000
1737504000000,8,0.00010000
1737532800000,8,0.00010000
1737561600000,8,0.00010000
1737590400001,8,0.00010000
1737619200000,8,0.00010000
1737648000000,8,0.00010000
1737676800000,8,0.00004146
1737705600000,8,0.00010000
1737734400000,8,0.00010000
1737763200000,8,0.00000683
1737792000000,8,0.00005573
1737820800001,8,0.00004358
1737849600000,8,0.00002168
1737878400000,8,0.00009618
1737907200000,8,0.00010000
1737936000000,8,0.00007559
1737964800000,8,-0.00008017
1737993600000,8,0.00001477
1738022400000,8,0.00002357
1738051200000,8,0.00000563
1738080000000,8,0.00009625
1738108800000,8,0.00008883
1738137600000,8,0.00007727
1738166400000,8,0.00008930
1738195200000,8,0.00010000
1738224000000,8,0.00010000
1738252800000,8,0.00010000
1738281600000,8,0.00005610
1738310400000,8,0.00010000
1738339200000,8,0.00010000
1738368000000,8,0.00005596
1738396800000,8,0.00004775
1738425600000,8,0.00007043
1738454400001,8,0.00005801
1738483200000,8,0.00001044
1738512000000,8,-0.00005868
1738540800000,8,0.00008358
1738569600000,8,-0.00016703
1738598400000,8,-0.00005547
1738627200000,8,-0.00017694
1738656000001,8,0.00006237
1738684800000,8,0.00002052
1738713600001,8,0.00005128
1738742400001,8,0.00010000
1738771200000,8,0.00010000
1738800000001,8,0.00010000
1738828800001,8,0.00005708
1738857600000,8,0.00008263
1738886400000,8,0.00010000
1738915200000,8,0.00004001
1738944000000,8,0.00004194
1738972800000,8,-0.00001848
1739001600000,8,0.00002175
1739030400000,8,0.00008590
1739059200000,8,0.00000268
1739088000000,8,0.00000697
1739116800000,8,0.00004990
1739145600000,8,-0.00002360
1739174400000,8,0.00010000
1739203200000,8,0.00010000
1739232000000,8,0.00010000
1739260800000,8,0.00010000
1739289600000,8,0.00004729
1739318400000,8,-0.00000730
1739347200000,8,0.00004854
1739376000001,8,0.00001222
1739404800001,8,0.00010000
1739433600000,8,-0.00001147
1739462400001,8,0.00002200
1739491200000,8,0.00009563
1739520000001,8,0.00002362
1739548800000,8,0.00004058
1739577600000,8,0.00000534
1739606400000,8,0.00007347
1739635200000,8,0.00009666
1739664000000,8,0.00004837
1739692800000,8,0.00002919
1739721600000,8,0.00007664
1739750400000,8,0.00004475
1739779200000,8,-0.00005075
1739808000000,8,0.00004143
1739836800000,8,0.00002964
1739865600000,8,0.00000807
1739894400000,8,0.00007562
1739923200000,8,0.00002568
1739952000000,8,0.00010000
1739980800000,8,0.00004722
1740009600000,8,-0.00002664
1740038400000,8,0.00007784
1740067200000,8,0.00005331
1740096000001,8,0.00002025
1740124800000,8,0.00005975
1740153600000,8,0.00001973
1740182400000,8,0.00010000
1740211200000,8,0.00010000
1740240000000,8,0.00008109
1740268800000,8,0.00005302
1740297600000,8,-0.00000755
1740326400000,8,0.00009897
1740355200000,8,0.00007823
1740384000000,8,0.00008655
1740412800000,8,-0.00002872
1740441600000,8,0.00009854
1740470400000,8,0.00005673
1740499200000,8,0.00004246
1740528000000,8,0.00010000
1740556800000,8,0.00010000
1740585600000,8,0.00010000
1740614400001,8,0.00010000
1740643200000,8,0.00010000
1740672000000,8,0.00010000
1740700800001,8,0.00010000
1740729600000,8,0.00010000
1740758400000,8,0.00010000
1740787200000,8,0.00001138
1740816000000,8,-0.00003737
1740844800001,8,-0.00001084
1740873600000,8,0.00001836
1740902400000,8,-0.00002065
1740931200000,8,-0.00003535
1740960000001,8,-0.00001228
1740988800000,8,0.00002627
1741017600000,8,0.00005214
1741046400001,8,0.00006776
1741075200005,8,0.00006938
1741104000000,8,0.00002545
1741132800000,8,-0.00001038
1741161600000,8,-0.00001023
1741190400000,8,0.00002133
1741219200000,8,0.00001679
1741248000001,8,0.00003280
1741276800000,8,0.00000229
1741305600000,8,-0.00004317
1741334400001,8,-0.00002781
1741363200000,8,-0.00001716
1741392000000,8,0.00001523
1741420800001,8,0.00000887
1741449600001,8,0.00000643
1741478400001,8,0.00002226
1741507200000,8,0.00000999
1741536000000,8,0.00002154
1741564800000,8,0.00001496
1741593600000,8,0.00004049
1741622400000,8,-0.00000808
1741651200000,8,0.00010000
1741680000000,8,0.00010000
1741708800001,8,0.00010000
1741737600000,8,0.00003426
1741766400000,8,0.00005017
1741795200001,8,0.00001925
1741824000000,8,0.00003012
1741852800000,8,0.00006166
1741881600000,8,-0.00002278
1741910400000,8,0.00005403
1741939200000,8,0.00004502
1741968000000,8,0.00007488
1741996800000,8,-0.00001013
1742025600000,8,0.00002889
1742054400000,8,0.00003624
1742083200000,8,-0.00000250
1742112000000,8,0.00004634
1742140800000,8,0.00003017
1742169600000,8,0.00002592
1742198400000,8,0.00010000
1742227200000,8,0.00003899
1742256000000,8,0.00003501
1742284800000,8,0.00003552
1742313600000,8,0.00000811
1742342400000,8,0.00001180
1742371200000,8,0.00007128
1742400000000,8,0.00003756
1742428800000,8,0.00004314
1742457600000,8,0.00003300
1742486400000,8,0.00008353
1742515200000,8,0.00006566
1742544000000,8,0.00005336
1742572800000,8,0.00006848
1742601600000,8,0.00003539
1742630400004,8,0.00001030
1742659200000,8,0.00005458
1742688000000,8,0.00008309
1742716800000,8,0.00004866
1742745600000,8,-0.00005181
1742774400000,8,-0.00003223
1742803200000,8,0.00001901
1742832000000,8,-0.00003798
1742860800001,8,-0.00004430
1742889600000,8,0.00002374
1742918400000,8,-0.00002149
1742947200000,8,0.00002723
1742976000000,8,0.00005852
1743004800001,8,0.00000359
1743033600001,8,0.00005382
1743062400001,8,0.00004944
1743091200002,8,0.00001384
1743120000001,8,0.00000691
1743148800001,8,0.00001609
1743177600000,8,0.00008416
1743206400000,8,0.00010000
1743235200000,8,0.00002628
1743264000000,8,-0.00000136
1743292800000,8,0.00000403
1743321600000,8,-0.00004687
1743350400000,8,-0.00000132
1743379200000,8,-0.00002895
1743408000000,8,0.00001191
1743436800000,8,0.00002791
1743465600000,8,0.00006138
1743494400001,8,0.00005935
1743523200000,8,0.00007785
1743552000001,8,0.00002651
1743580800000,8,0.00004483
1743609600000,8,0.00002345
1743638400000,8,0.00002354
1743667200000,8,0.00003032
1743696000000,8,0.00001894
1743724800000,8,0.00010000
1743753600000,8,0.00006131
1743782400000,8,0.00008156
1743811200000,8,0.00010000
1743840000000,8,0.00006798
1743868800000,8,0.00006614
1743897600000,8,0.00005348
1743926400000,8,0.00007787
1743955200002,8,0.00005749
1743984000000,8,0.00010000
1744012800000,8,0.00009759
1744041600000,8,0.00005302
1744070400000,8,-0.00001971
1744099200000,8,-0.00001571
1744128000000,8,0.00002157
1744156800000,8,0.00010000
1744185600001,8,0.00001637
1744214400000,8,0.00010000
1744243200000,8,0.00009456
1744272000000,8,0.00002527
1744300800000,8,0.00002686
1744329600001,8,-0.00001552
1744358400000,8,0.00007313
1744387200000,8,0.00004674
1744416000000,8,0.00005863
1744444800001,8,0.00005434
1744473600000,8,0.00003129
1744502400000,8,0.00001941
1744531200000,8,0.00007253
1744560000000,8,0.00009282
1744588800000,8,0.00007769
1744617600000,8,0.00001093
1744646400000,8,-0.00004018
1744675200000,8,-0.00010093
1744704000000,8,-0.00001989
1744732800001,8,-0.00001642
1744761600000,8,0.00000483
1744790400000,8,0.00000196
1744819200000,8,-0.00000600
1744848000001,8,0.00001192
1744876800000,8,0.00007454
1744905600001,8,0.00004052
1744934400000,8,-0.00002044
1744963200000,8,0.00005513
1744992000000,8,0.00004706
1745020800000,8,0.00003366
1745049600000,8,0.00000766
1745078400000,8,-0.00001871
1745107200000,8,0.00005479
1745136000000,8,0.00004661
1745164800000,8,0.00005170
1745193600000,8,0.00009539
1745222400005,8,0.00003385
1745251200003,8,-0.00001493
1745280000008,8,0.00002361
1745308800000,8,0.00005207
1745337600000,8,-0.00010502
1745366400000,8,-0.00008633
1745395200002,8,-8E-8
1745424000000,8,0.00000805
1745452800000,8,-0.00010203
1745481600001,8,0.00001077
1745510400001,8,-0.00004023
1745539200007,8,-0.00006562
1745568000002,8,-0.00001922
1745596800003,8,-0.00001882
1745625600002,8,-0.00017061
1745654400000,8,-0.00000893
1745683200002,8,0.00005626
1745712000001,8,-0.00003250
1745740800000,8,0.00001235
1745769600000,8,-0.00000536
1745798400001,8,0.00001931
1745827200003,8,0.00001157
1745856000005,8,-0.00001986
1745884800000,8,-0.00000689
1745913600000,8,-0.00005051
1745942400010,8,-0.00003851
1745971200001,8,-0.00005652
1746000000000,8,0.00006264
1746028800003,8,-0.00004948
1746057600000,8,-0.00000498
1746086400000,8,-0.00000436
1746115200001,8,-0.00010864
1746144000000,8,-0.00012801
1746172800000,8,-0.00010072
1746201600003,8,-0.00012770
1746230400000,8,-0.00013019
1746259200000,8,0.00000662
1746288000000,8,0.00004131
1746316800001,8,-0.00001526
1746345600001,8,0.00010000
1746374400002,8,0.00008325
1746403200000,8,-2E-8
1746432000000,8,0.00008623
1746460800006,8,0.00001814
1746489600002,8,0.00001024
1746518400005,8,0.00002680
1746547200000,8,0.00005596
1746576000002,8,-0.00000353
1746604800000,8,-0.00001150
1746633600006,8,7.6E-7
1746662400000,8,-0.00006939
1746691200001,8,0.00006222
1746720000002,8,4.8E-7
1746748800001,8,0.00008804
1746777600006,8,0.00010000
1746806400000,8,0.00006241
1746835200001,8,0.00005794
1746864000000,8,0.00008641
1746892800001,8,0.00001943
1746921600000,8,0.00005740
1746950400001,8,0.00006913
1746979200001,8,0.00009665
1747008000004,8,0.00010000
1747036800000,8,0.00010000
1747065600000,8,0.00001304
1747094400000,8,0.00009757
1747123200008,8,0.00005913
1747152000001,8,0.00005786
1747180800007,8,0.00010000
1747209600000,8,0.00010000
1747238400002,8,0.00005189
1747267200000,8,0.00003032
1747296000003,8,0.00008640
1747324800000,8,0.00006981
1747353600001,8,0.00002178
1747382400000,8,0.00004897
1747411200000,8,0.00001468
1747440000000,8,0.00000442
1747468800001,8,0.00007022
1747497600004,8,0.00002784
1747526400000,8,0.00003834
1747555200000,8,0.00002518
1747584000000,8,0.00002925
1747612800000,8,0.00007692
1747641600006,8,0.00000392
1747670400010,8,0.00006464
1747699200000,8,0.00000524
1747728000002,8,0.00005032
1747756800000,8,-0.00005173
1747785600000,8,0.00002579
1747814400001,8,0.00007641
1747843200004,8,0.00000917
1747872000001,8,0.00004983
1747900800000,8,0.00010000
1747929600002,8,0.00010000
1747958400006,8,0.00010000
1747987200000,8,0.00010000
1748016000007,8,0.00010000
1748044800010,8,0.00002746
1748073600000,8,0.00004547
1748102400003,8,0.00005505
1748131200004,8,0.00010000
1748160000000,8,0.00010000
1748188800000,8,0.00002672
1748217600000,8,0.00003534
1748246400000,8,0.00001241
1748275200002,8,0.00006236
1748304000003,8,0.00008563
1748332800001,8,0.00006686
1748361600005,8,0.00002691
1748390400002,8,0.00003135
1748419200003,8,-0.00000738
1748448000002,8,0.00009211
1748476800000,8,0.00007088
1748505600006,8,-0.00001855
1748534400000,8,0.00004329
1748563200003,8,0.00004683
1748592000003,8,0.00000624
1748620800000,8,0.00006498
1748649600000,8,0.00001046
1748678400000,8,-0.00000544
1748707200000,8,-0.00001735
1748736000001,8,-0.00002786
1748764800002,8,-0.00000428
1748793600000,8,0.00000904
1748822400001,8,-0.00002350
1748851200000,8,0.00001481
1748880000000,8,0.00006042
1748908800000,8,0.00003729
1748937600000,8,0.00005045
1748966400001,8,0.00001213
1748995200000,8,-0.00000329
1749024000000,8,0.00001978
1749052800000,8,0.00003277
1749081600016,8,-0.00002608
1749110400000,8,0.00001041
1749139200000,8,0.00003167
1749168000002,8,0.00002729
1749196800000,8,-0.00010295
1749225600006,8,-0.00008367
1749254400000,8,-0.00009344
1749283200000,8,-0.00004570
1749312000002,8,-0.00003336
1749340800000,8,-0.00003139
1749369600000,8,-0.00003255
1749398400000,8,-0.00005679
1749427200000,8,-0.00009198
1749456000001,8,-0.00000380
1749484800001,8,0.00000590
1749513600000,8,0.00002426
1749542400001,8,0.00007062
1749571200003,8,0.00007109
1749600000000,8,0.00004418
1749628800000,8,0.00008318
1749657600010,8,0.00006447
1749686400002,8,0.00002158
1749715200003,8,0.00003079
1749744000001,8,0.00005804
1749772800000,8,0.00000405
1749801600001,8,-0.00002344
1749830400004,8,0.00000875
1749859200000,8,0.00002570
1749888000000,8,0.00006905
1749916800000,8,0.00000418
1749945600005,8,-0.00004780
1749974400009,8,0.00002834
1750003200000,8,0.00010000
1750032000000,8,0.00009725
1750060800000,8,0.00009255
1750089600003,8,0.00007755
1750118400000,8,0.00003766
1750147200006,8,0.00003534
1750176000001,8,0.00006217
1750204800001,8,-0.00002956
1750233600001,8,0.00003436
1750262400001,8,0.00004479
1750291200005,8,-0.00003031
1750320000003,8,-0.00001938
1750348800000,8,0.00000764
1750377600000,8,0.00003862
1750406400002,8,0.00005242
1750435200001,8,0.00003435
1750464000002,8,-0.00001069
1750492800005,8,-0.00002106
1750521600000,8,-0.00002023
1750550400005,8,0.00005633
1750579200000,8,0.00005605
1750608000003,8,0.00001533
1750636800000,8,-0.00001628
1750665600004,8,-0.00000193
1750694400013,8,0.00001153
1750723200003,8,-0.00002040
1750752000000,8,0.00001022
1750780800000,8,0.00002295
1750809600005,8,-0.00001697
1750838400000,8,0.00004725
1750867200005,8,-0.00001266
1750896000000,8,-0.00005855
1750924800006,8,0.00003312
1750953600007,8,-0.00000269
1750982400000,8,-0.00002174
1751011200000,8,0.00003169
1751040000009,8,0.00004724
1751068800001,8,-0.00005717
1751097600002,8,0.00001403
1751126400000,8,0.00001207
1751155200004,8,0.00004723
1751184000001,8,0.00008971
1751212800001,8,0.00010000
1751241600000,8,0.00006754
1751270400005,8,0.00005737
1751299200002,8,0.00008190
1751328000007,8,0.00002548
1751356800002,8,0.00002086
1751385600000,8,-0.00002339
1751414400001,8,0.00004499
1751443200000,8,0.00003773
1751472000003,8,0.00002794
1751500800006,8,0.00001161
1751529600003,8,0.00008451
1751558400003,8,0.00006584
1751587200005,8,0.00002240
1751616000003,8,0.00006361
1751644800001,8,0.00001253
1751673600004,8,0.00005499
1751702400009,8,0.00004637
1751731200006,8,0.00003955
1751760000001,8,0.00002646
1751788800002,8,0.00000691
1751817600004,8,0.00005396
1751846400000,8,0.00005314
1751875200007,8,0.00007744
1751904000000,8,0.00010000
1751932800010,8,-0.00001490
1751961600003,8,0.00002662
1751990400000,8,0.00004047
1752019200002,8,0.00005498
1752048000006,8,0.00004815
1752076800001,8,0.00007100
1752105600003,8,0.00010000
1752134400000,8,0.00007071
1752163200004,8,0.00001286
1752192000004,8,0.00010000
1752220800007,8,0.00010000
1752249600001,8,0.00010000
1752278400000,8,0.00010000
1752307200001,8,0.00010000
1752336000002,8,0.00010000
1752364800006,8,0.00010000
1752393600001,8,0.00010000
1752422400003,8,0.00010000
1752451200000,8,0.00010000
1752480000000,8,0.00010000
1752508800000,8,0.00010000
1752537600002,8,0.00010000
1752566400000,8,0.00010000
1752595200000,8,0.00010000
1752624000000,8,0.00010000
1752652800000,8,0.00010000
1752681600008,8,0.00010000
1752710400003,8,0.00010000
1752739200000,8,0.00010000
1752768000000,8,0.00010000
1752796800004,8,0.00010000
1752825600000,8,0.00010000
1752854400000,8,0.00010000
1752883200009,8,0.00010000
1752912000000,8,0.00010000
1752940800002,8,0.00010000
1752969600000,8,0.00010000
1752998400000,8,0.00010000
1753027200000,8,0.00010000
1753056000001,8,0.00010000
1753084800000,8,0.00010000
1753113600001,8,0.00010000
1753142400000,8,0.00010000
1753171200010,8,0.00010000
1753200000007,8,0.00010000
1753228800000,8,0.00010000
1753257600004,8,0.00010000
1753286400002,8,0.00010000
1753315200000,8,0.00010000
1753344000001,8,0.00010000
1753372800000,8,0.00010000
1753401600000,8,0.00010000
1753430400000,8,0.00010000
1753459200000,8,0.00010000
1753488000001,8,0.00010000
1753516800005,8,0.00010000
1753545600001,8,0.00010000
1753574400001,8,0.00010000
1753603200000,8,0.00010000
1753632000008,8,0.00010000
1753660800005,8,0.00010000
1753689600000,8,0.00010000
1753718400000,8,0.00010000
1753747200001,8,0.00010000
1753776000000,8,0.00010000
1753804800000,8,0.00010000
1753833600011,8,0.00010000
1753862400000,8,0.00010000
1753891200008,8,0.00010000
1753920000000,8,0.00009293
1753948800009,8,0.00009341
1753977600000,8,0.00008995
1754006400001,8,0.00004824
1754035200003,8,-0.00003837
1754064000000,8,0.00002759
1754092800004,8,0.00001275
1754121600000,8,0.00002108
1754150400000,8,0.00005950
1754179200000,8,0.00001362
1754208000000,8,-0.00004912
1754236800003,8,-0.00000363
1754265600004,8,-0.00002038
1754294400000,8,0.00003484
1754323200002,8,0.00003265
1754352000000,8,0.00010000
1754380800000,8,0.00010000
1754409600000,8,0.00010000
1754438400005,8,0.00010000
1754467200000,8,0.00010000
1754496000000,8,0.00005636
1754524800003,8,-0.00002295
1754553600002,8,0.00001622
1754582400002,8,0.00000357
1754611200002,8,0.00006181
1754640000004,8,0.00007229
1754668800000,8,0.00007512
1754697600005,8,0.00002663
1754726400000,8,0.00007894
1754755200007,8,0.00010000
1754784000003,8,0.00010000
1754812800005,8,0.00010000
1754841600002,8,0.00010000
1754870400000,8,0.00010000
1754899200000,8,0.00010000
1754928000000,8,0.00010000
1754956800000,8,0.00010000
1754985600001,8,0.00010000
1755014400005,8,0.00010000
1755043200000,8,0.00010000
1755072000002,8,0.00010000
1755100800006,8,0.00010000
1755129600002,8,0.00010000
1755158400003,8,0.00010000
1755187200000,8,0.00010000
1755216000000,8,0.00010000
1755244800000,8,0.00010000
1755273600000,8,0.00004239
1755302400004,8,0.00002049
1755331200000,8,-0.00000962
1755360000002,8,-0.00000908
1755388800000,8,-0.00001157
1755417600001,8,-0.00001399
1755446400007,8,0.00002365
1755475200000,8,0.00004875
1755504000001,8,0.00002550
1755532800002,8,0.00002160
1755561600000,8,0.00003393
1755590400001,8,0.00010000
1755619200000,8,0.00006336
1755648000000,8,0.00003586
1755676800000,8,0.00010000
1755705600000,8,0.00010000
1755734400006,8,0.00010000
1755763200000,8,0.00010000
1755792000003,8,0.00010000
1755820800010,8,0.00010000
1755849600007,8,0.00010000
1755878400001,8,0.00010000
1755907200004,8,0.00010000
1755936000006,8,0.00010000
1755964800000,8,0.00010000
1755993600001,8,0.00010000
1756022400002,8,0.00010000
1756051200001,8,0.00010000
1756080000000,8,0.00010000
1756108800002,8,0.00010000
1756137600002,8,0.00010000
1756166400000,8,0.00010000
1756195200000,8,0.00010000
1756224000000,8,0.00010000
1756252800003,8,0.00010000
1756281600000,8,0.00010000
1756310400009,8,0.00005842
1756339200000,8,0.00002022
1756368000005,8,0.00004388
1756396800004,8,0.00002425
1756425600000,8,-5.0E-7
1756454400000,8,0.00006523
1756483200005,8,0.00007279
1756512000000,8,0.00008431
1756540800002,8,0.00008967
1756569600003,8,0.00006878
1756598400016,8,0.00000579
1756627200000,8,0.00004365
1756656000001,8,0.00010000
1756684800000,8,0.00004224
1756713600000,8,0.00010000
1756742400001,8,0.00008070
1756771200000,8,0.00007327
1756800000005,8,0.00005727
1756828800007,8,0.00005513
1756857600006,8,0.00004059
1756886400002,8,0.00003491
1756915200002,8,0.00003539
1756944000002,8,-0.00003436
1756972800000,8,0.00002385
1757001600000,8,0.00005577
1757030400001,8,-9.8E-7
1757059200006,8,0.00005124
1757088000000,8,0.00008597
1757116800000,8,0.00010000
1757145600005,8,0.00010000
1757174400000,8,0.00006975
1757203200000,8,0.00010000
1757232000000,8,0.00008712
1757260800000,8,0.00005450
1757289600007,8,0.00008887
1757318400000,8,0.00010000
1757347200000,8,0.00010000
1757376000000,8,0.00004562
1757404800000,8,0.00010000
1757433600000,8,0.00010000
1757462400000,8,0.00008682
1757491200002,8,0.00007518
1757520000000,8,0.00009708
1757548800000,8,-2.1E-7
1757577600000,8,0.00005431
1757606400001,8,0.00005099
1757635200002,8,0.00003350
1757664000001,8,0.00000587
1757692800005,8,0.00003749
1757721600005,8,-0.00002696
1757750400002,8,0.00003997
1757779200000,8,0.00002586
1757808000006,8,0.00003799
1757836800000,8,-0.00000505
1757865600001,8,0.00002415
1757894400006,8,0.00003675
1757923200002,8,0.00004960
1757952000001,8,0.00007129
1757980800001,8,0.00003518
1758009600000,8,0.00004317
1758038400000,8,0.00006170
1758067200001,8,-0.00002710
1758096000000,8,0.00002008
1758124800003,8,0.00002251
1758153600006,8,0.00007733
1758182400002,8,0.00010000
1758211200000,8,0.00004841
1758240000000,8,-0.00000107
1758268800005,8,0.00002948
1758297600000,8,0.00002361
1758326400000,8,0.00006635
1758355200000,8,0.00003889
1758384000002,8,0.00001546
1758412800000,8,-0.00002493
1758441600000,8,0.00000422
1758470400000,8,0.00001083
1758499200005,8,0.00001323
1758528000003,8,0.00004133
1758556800000,8,0.00003993
1758585600000,8,0.00003065
1758614400001,8,0.00004419
1758643200000,8,0.00005152
1758672000003,8,0.00006066
1758700800001,8,0.00006424
1758729600002,8,0.00004228
1758758400000,8,-0.00004428
1758787200001,8,0.00008493
1758816000000,8,0.00006367
1758844800000,8,0.00006276
1758873600000,8,0.00003485
1758902400008,8,-0.00001477
1758931200000,8,-0.00004008
1758960000010,8,-0.00004891
1758988800003,8,0.00001263
1759017600000,8,0.00000237
1759046400000,8,-0.00000356
1759075200000,8,0.00000331
1759104000000,8,-0.00000764
1759132800002,8,0.00003496
1759161600001,8,-0.00001067
1759190400002,8,-0.00002843
1759219200005,8,0.00004347
1759248000000,8,0.00006402
1759276800000,8,0.00010000
1759305600000,8,0.00004422
1759334400000,8,0.00003248
1759363200000,8,0.00007480
1759392000013,8,0.00002788
1759420800000,8,0.00005143
1759449600006,8,-0.00001320
1759478400006,8,0.00001174
1759507200000,8,0.00003412
1759536000001,8,0.00002647
1759564800000,8,0.00006789
1759593600000,8,0.00007811
1759622400000,8,0.00010000
1759651200003,8,0.00010000
1759680000009,8,0.00010000
1759708800004,8,0.00010000
1759737600002,8,0.00010000
1759766400004,8,0.00009595
1759795200000,8,0.00005775
1759824000003,8,0.00007066
1759852800000,8,0.00009665
1759881600000,8,0.00010000
1759910400006,8,0.00010000
1759939200002,8,0.00010000
1759968000001,8,0.00002585
1759996800000,8,0.00007549
1760025600000,8,0.00003475
1760054400005,8,0.00005620
1760083200002,8,0.00008743
1760112000014,8,0.00004434
1760140800000,8,0.00007010
1760169600003,8,0.00010000
1760198400000,8,0.00010000
1760227200004,8,0.00010000
1760256000002,8,0.00010000
1760284800000,8,0.00010000
1760313600003,8,-0.00000519
1760342400002,8,0.00002802
1760371200003,8,0.00001382
1760400000000,8,0.00001752
1760428800000,8,0.00002986
1760457600000,8,0.00006435
1760486400006,8,0.00003748
1760515200002,8,0.00010000
1760544000000,8,0.00009711
1760572800000,8,0.00006978
1760601600003,8,0.00006627
1760630400002,8,0.00004564
1760659200001,8,0.00010000
1760688000005,8,0.00010000
1760716800003,8,0.00004684
1760745600000,8,-0.00004405
1760774400002,8,0.00000388
1760803200001,8,-0.00002851
1760832000001,8,0.00001247
1760860800001,8,0.00004708
1760889600001,8,0.00007612
1760918400004,8,0.00001279
1760947200001,8,0.00009414
1760976000000,8,0.00008427
1761004800009,8,0.00003291
1761033600000,8,0.00006245
1761062400000,8,0.00003949
1761091200004,8,0.00005526
1761120000000,8,0.00004244
1761148800000,8,0.00003656
1761177600000,8,0.00010000
1761206400001,8,0.00004141
1761235200004,8,0.00005775
1761264000000,8,0.00002635
1761292800000,8,0.00005909
1761321600009,8,0.00007731
1761350400000,8,0.00002279
1761379200001,8,0.00002009
1761408000001,8,0.00000864
1761436800001,8,0.00002931
1761465600001,8,0.00000965
1761494400000,8,0.00002747
1761523200000,8,0.00006749
1761552000005,8,0.00005224
1761580800000,8,0.00007741
1761609600000,8,0.00006873
1761638400000,8,0.00008347
1761667200004,8,0.00005433
1761696000004,8,0.00000214
1761724800005,8,0.00001436
1761753600000,8,0.00004806
1761782400004,8,0.00000234
1761811200008,8,0.00005176
1761840000001,8,0.00007406
1761868800000,8,0.00004266
1761897600008,8,0.00001782
1761926400007,8,0.00007921
1761955200001,8,0.00004043
1761984000000,8,0.00007443
1762012800000,8,0.00009866
1762041600007,8,0.00010000
1762070400000,8,0.00010000
1762099200001,8,0.00002129
1762128000000,8,0.00001908
1762156800010,8,0.00006271
1762185600000,8,0.00005397
1762214400002,8,0.00005840
1762243200004,8,0.00003927
1762272000000,8,0.00010000
1762300800000,8,0.00010000
1762329600000,8,0.00005520
1762358400004,8,0.00002073
1762387200001,8,0.00000577
1762416000000,8,0.00003575
1762444800001,8,0.00010000
1762473600005,8,0.00009857
1762502400003,8,0.00007730
1762531200005,8,0.00008905
1762560000011,8,0.00005972
1762588800015,8,0.00005481
1762617600001,8,0.00007314
1762646400004,8,0.00002025
1762675200000,8,0.00005394
1762704000005,8,0.00002219
1762732800000,8,-0.00000750
1762761600000,8,0.00005745
1762790400003,8,0.00003354
1762819200007,8,0.00004587
1762848000000,8,0.00003429
1762876800009,8,0.00007441
1762905600000,8,0.00009646
1762934400002,8,0.00005897
1762963200000,8,0.00003249
1762992000002,8,0.00005179
1763020800000,8,0.00005388
1763049600001,8,0.00004416
1763078400000,8,0.00009860
1763107200000,8,0.00010000
1763136000001,8,0.00007519
1763164800005,8,0.00004615
1763193600000,8,0.00004230
1763222400001,8,0.00002503
1763251200001,8,0.00005111
1763280000000,8,0.00008526
1763308800000,8,0.00006740
1763337600003,8,0.00007421
1763366400003,8,0.00010000
1763395200000,8,0.00007579
1763424000002,8,0.00010000
1763452800004,8,0.00008420
1763481600000,8,0.00010000
1763510400000,8,0.00001178
1763539200000,8,0.00003629
1763568000008,8,0.00005405
1763596800000,8,0.00010000
1763625600000,8,0.00009908
1763654400000,8,0.00009760
1763683200001,8,0.00010000
1763712000000,8,0.00005499
1763740800001,8,0.00006005
1763769600004,8,0.00000869
1763798400000,8,0.00001165
1763827200000,8,0.00001795
1763856000000,8,4.8E-7
1763884800008,8,0.00002494
1763913600003,8,-0.00002573
1763942400004,8,-0.00001407
1763971200000,8,-0.00004196
1764000000006,8,-0.00000135
1764028800000,8,-0.00003004
1764057600009,8,-0.00000870
1764086400007,8,0.00001330
1764115200001,8,0.00002156
1764144000001,8,0.00002988
1764172800000,8,0.00002642
1764201600013,8,1.3E-7
1764230400000,8,-0.00000493
1764259200004,8,0.00001962
1764288000008,8,0.00000697
1764316800000,8,0.00004725
1764345600008,8,-0.00000751
1764374400000,8,-0.00001278
1764403200005,8,0.00003164
1764432000001,8,0.00003904
1764460800003,8,0.00007397
1764489600000,8,0.00009641
1764518400004,8,0.00003269
1764547200000,8,0.00004586
1764576000004,8,0.00004139
1764604800000,8,0.00007810
1764633600004,8,-0.00002367
1764662400000,8,-0.00000473
1764691200000,8,0.00003389
1764720000000,8,0.00001437
1764748800000,8,0.00002362
1764777600005,8,0.00001787
1764806400012,8,0.00001482
1764835200000,8,0.00002243
1764864000011,8,0.00003964
1764892800000,8,0.00002003
1764921600000,8,0.00005448
1764950400010,8,0.00000838
1764979200001,8,0.00002376
1765008000001,8,-0.00002051
1765036800008,8,-0.00003525
1765065600000,8,0.00003236
1765094400004,8,0.00002391
1765123200000,8,0.00002871
1765152000000,8,0.00002138
1765180800000,8,0.00006599
1765209600001,8,0.00000584
1765238400001,8,-0.00001720
1765267200001,8,0.00005230
1765296000007,8,0.00002717
1765324800007,8,-0.00003391
1765353600002,8,0.00000459
1765382400012,8,0.00002476
1765411200001,8,-0.00004090
1765440000000,8,-0.00005479
1765468800000,8,0.00002524
1765497600005,8,0.00004680
1765526400007,8,0.00000911
1765555200002,8,0.00002389
1765584000001,8,-0.00000321
1765612800006,8,0.00002471
1765641600000,8,0.00002462
1765670400000,8,0.00006266
1765699200003,8,0.00004135
1765728000005,8,0.00002992
1765756800000,8,0.00002393
1765785600000,8,0.00000582
1765814400000,8,0.00002707
1765843200002,8,0.00006884
1765872000000,8,0.00001432
1765900800002,8,0.00007073
1765929600004,8,0.00003035
1765958400000,8,0.00005415
1765987200000,8,0.00005915
1766016000005,8,0.00005861
1766044800007,8,0.00003431
1766073600001,8,0.00007516
1766102400000,8,0.00002732
1766131200001,8,0.00010000
1766160000000,8,0.00010000
1766188800005,8,0.00004237
1766217600000,8,0.00000414
1766246400002,8,0.00003662
1766275200000,8,0.00008082
1766304000009,8,0.00006737
1766332800000,8,0.00002206
1766361600000,8,0.00003634
1766390400005,8,0.00000884
1766419200009,8,0.00004209
1766448000000,8,0.00005111
1766476800000,8,0.00003869
1766505600001,8,0.00003589
1766534400001,8,0.00006345
1766563200001,8,0.00005991
1766592000000,8,0.00005736
1766620800000,8,0.00007230
1766649600001,8,0.00004383
1766678400005,8,0.00008357
1766707200004,8,0.00003310
1766736000001,8,0.00001042
1766764800007,8,0.00006275
1766793600000,8,0.00005255
1766822400000,8,0.00005789
1766851200011,8,0.00007924
1766880000008,8,0.00004023
1766908800000,8,0.00008947
1766937600000,8,0.00006861
1766966400016,8,0.00008307
1766995200001,8,0.00010000
1767024000000,8,0.00002473
1767052800005,8,0.00010000
1767081600001,8,0.00010000
1767110400003,8,0.00005712
1767139200004,8,-0.00002276
1767168000001,8,0.00008575
1767196800001,8,0.00010000
1767225600008,8,0.00010000
1767254400002,8,0.00010000
1767283200001,8,0.00010000
1767312000006,8,0.00005651
1767340800007,8,0.00007129
1767369600000,8,0.00010000
1767398400001,8,-0.00003996
1767427200000,8,0.00002096
1767456000000,8,0.00005139
1767484800000,8,0.00003207
1767513600000,8,0.00002183
1767542400001,8,0.00001858
1767571200000,8,0.00004612
1767600000000,8,0.00006186
1767628800000,8,0.00003982
1767657600010,8,-0.00009648
1767686400000,8,-0.00000955
1767715200000,8,0.00003521
1767744000001,8,0.00007698
1767772800001,8,0.00010000
1767801600001,8,0.00006552
1767830400001,8,0.00010000
1767859200000,8,0.00007250
1767888000000,8,0.00007876
1767916800003,8,0.00001083
1767945600000,8,0.00005233
1767974400001,8,0.00007064
1768003200000,8,0.00001702
1768032000002,8,0.00010000
1768060800001,8,0.00006867
1768089600003,8,0.00006997
1768118400006,8,0.00007259
1768147200000,8,0.00004983
1768176000005,8,0.00006799
1768204800000,8,0.00010000
1768233600000,8,0.00004775
1768262400007,8,0.00002173
1768291200009,8,0.00010000
1768320000002,8,0.00010000
1768348800000,8,-0.00003275
1768377600001,8,0.00003595
1768406400004,8,0.00004184
1768435200000,8,-0.00010529
1768464000004,8,-0.00001225
1768492800002,8,-0.00005202
1768521600000,8,-0.00002664
1768550400000,8,0.00002563
1768579200001,8,0.00000435
1768608000000,8,-0.00000536
1768636800000,8,0.00002893
1768665600002,8,-0.00000495
1768694400001,8,0.00000541
1768723200000,8,0.00005373
1768752000000,8,0.00003034
1768780800007,8,-0.00000520
1768809600007,8,0.00000335
1768838400007,8,0.00004296
1768867200005,8,0.00007765
1768896000001,8,0.00007650
1768924800009,8,0.00005815
1768953600001,8,0.00010000
1768982400011,8,0.00004436
1769011200011,8,0.00009277
1769040000010,8,0.00010000
1769068800003,8,0.00010000
1769097600005,8,0.00009325
1769126400005,8,0.00010000
1769155200000,8,0.00010000
1769184000011,8,0.00010000
1769212800011,8,0.00007021
1769241600002,8,0.00005811
1769270400001,8,0.00009082
1769299200002,8,0.00008376
1769328000011,8,0.00010000
1769356800005,8,0.00010000
1769385600000,8,0.00010000
1769414400003,8,0.00006816
1769443200000,8,0.00002297
1769472000002,8,0.00007426
1769500800000,8,0.00007757
1769529600000,8,0.00006762
1769558400000,8,0.00008851
1769587200000,8,0.00009941
1769616000000,8,0.00006452
1769644800000,8,0.00002380
1769673600009,8,0.00004486
1769702400000,8,0.00004941
1769731200008,8,0.00002880
1769760000000,8,-0.00001059
1769788800001,8,0.00000639
1769817600000,8,0.00010000
1769846400001,8,0.00006476
1769875200009,8,0.00010000
1769904000001,8,-0.00000145
1769932800004,8,-0.00002935
1769961600000,8,0.00000407
1769990400000,8,0.00002720
1770019200014,8,0.00002686
1770048000000,8,-0.00004426
1770076800000,8,-0.00000886
1770105600007,8,-0.00000118
1770134400000,8,-0.00003195
1770163200002,8,0.00004909
1770192000007,8,0.00002043
1770220800000,8,0.00005803
1770249600011,8,0.00009993
1770278400000,8,-0.00000139
1770307200007,8,-0.00004999
1770336000000,8,0.00003732
1770364800001,8,-0.00003156
1770393600000,8,-0.00007526
1770422400003,8,-0.00013243
1770451200000,8,-0.00001404
1770480000010,8,0.00005130
1770508800003,8,0.00001706
1770537600000,8,1.7E-7
1770566400000,8,-0.00003812
1770595200002,8,0.00001147
1770624000001,8,-0.00002196
1770652800007,8,-0.00002696
1770681600000,8,-0.00001982
1770710400007,8,0.00001252
1770739200000,8,-0.00003612
1770768000000,8,0.00001345
1770796800006,8,-0.00006505
1770825600000,8,0.00001206
1770854400000,8,-0.00000370
1770883200001,8,0.00001161
1770912000001,8,0.00000653
1770940800007,8,0.00005029
1770969600003,8,0.00001192
1770998400005,8,0.00002978
1771027200002,8,-0.00005749
1771056000004,8,0.00000587
1771084800002,8,0.00001195
1771113600000,8,0.00000569
1771142400002,8,-0.00003248
1771171200000,8,-0.00002345
1771200000001,8,0.00004993
1771228800003,8,0.00004998
1771257600000,8,-0.00000760
1771286400008,8,0.00002513
1771315200001,8,-0.00000572
1771344000002,8,0.00002261
1771372800000,8,0.00008742
1771401600000,8,0.00002370
1771430400011,8,0.00000739
1771459200013,8,0.00002822
1771488000000,8,0.00004545
1771516800003,8,0.00002171
1771545600000,8,0.00010000
1771574400000,8,0.00006193
1771603200000,8,0.00005688
1771632000004,8,0.00004906
1771660800000,8,0.00004255
1771689600005,8,0.00001576
1771718400001,8,0.00001016
1771747200004,8,0.00004312
1771776000000,8,0.00006291
1771804800001,8,0.00003039
1771833600000,8,-0.00004971
1771862400000,8,0.00000180
1771891200007,8,0.00004841
1771920000000,8,-0.00000335
1771948800001,8,0.00001190
1771977600001,8,-0.00002520
1772006400007,8,0.00000837
1772035200000,8,-0.00002995
1772064000000,8,-0.00002866
1772092800006,8,-0.00001446
1772121600002,8,-0.00001226
1772150400007,8,-0.00002933
1772179200000,8,-0.00007604
1772208000001,8,-0.00001350
1772236800000,8,-0.00002856
1772265600000,8,-0.00005668
1772294400004,8,-0.00008100
1772323200005,8,-0.00007214
1772352000000,8,-0.00008676
1772380800002,8,-0.00000813
1772409600001,8,-0.00001049
1772438400007,8,-0.00001482
1772467200000,8,0.00003486
1772496000000,8,-0.00003599
1772524800000,8,0.00001613
1772553600007,8,-0.00006415
1772582400001,8,-0.00006143
1772611200005,8,-0.00001544
1772640000000,8,0.00000676
1772668800000,8,-0.00007644
1772697600000,8,-0.00002114
1772726400004,8,-0.00006739
1772755200001,8,0.00000553
1772784000001,8,0.00000601
1772812800004,8,-0.00001898
1772841600001,8,-0.00000925
1772870400012,8,0.00001555
1772899200001,8,-0.00002435
1772928000001,8,-0.00000440
1772956800000,8,0.00001973
1772985600002,8,-0.00002884
1773014400000,8,-0.00002895
1773043200004,8,-0.00002807
1773072000003,8,-0.00002360
1773100800012,8,-0.00005827
1773129600002,8,-0.00001124
1773158400001,8,-0.00006708
1773187200000,8,-0.00015756
1773216000007,8,-0.00009421
1773244800010,8,-0.00016232
1773273600000,8,-0.00010634
1773302400000,8,-0.00007918
1773331200000,8,-0.00010064
1773360000006,8,-0.00001315
1773388800001,8,0.00002581
1773417600000,8,0.00000620
1773446400001,8,-0.00001580
1773475200000,8,-0.00000699
1773504000007,8,-0.00005025
1773532800000,8,-0.00002593
1773561600000,8,-0.00003132
1773590400000,8,-0.00000917
1773619200000,8,-0.00001388
1773648000010,8,0.00001416
1773676800000,8,-0.00001741
1773705600000,8,0.00000874
1773734400002,8,0.00003790
1773763200011,8,-0.00001498
1773792000002,8,-0.00002803
1773820800002,8,-0.00001298
1773849600005,8,-0.00001942
1773878400000,8,-0.00002381
1773907200003,8,-0.00000276
1773936000003,8,0.00000972
1773964800002,8,-0.00000331
1773993600000,8,0.00002430
1774022400000,8,0.00004181
1774051200000,8,-2.5E-7
1774080000000,8,-0.00000161
1774108800014,8,-0.00000185
1774137600012,8,0.00000840
1774166400007,8,-0.00001906
1774195200002,8,-0.00002943
1774224000000,8,-3.6E-7
1774252800003,8,0.00002376
1774281600002,8,0.00000479
1774310400000,8,0.00003117
1774339200000,8,0.00007412
1774368000003,8,0.00002330
1774396800000,8,0.00004253
1774425600000,8,0.00003428
1774454400013,8,0.00001041
1774483200001,8,0.00002371
1774512000001,8,0.00003285
1774540800000,8,0.00000889
1774569600006,8,0.00004094
1774598400000,8,0.00002586
1774627200000,8,0.00001451
1774656000005,8,0.00003806
1774684800005,8,8.3E-7
1774713600000,8,-0.00001188
1774742400003,8,-0.00001322
1774771200001,8,0.00001084
1774800000000,8,0.00001654
1774828800000,8,0.00000915
1774857600005,8,0.00005752
1774886400000,8,0.00002947
1774915200000,8,0.00004617
1774944000000,8,0.00005292
1774972800000,8,0.00004023
1775001600000,8,0.00001641
1775030400000,8,0.00001026
1775059200000,8,-0.00002581
1775088000003,8,-0.00000754
1775116800001,8,-0.00002006
1775145600001,8,-0.00002766
1775174400000,8,0.00001092
1775203200008,8,0.00001796
1775232000008,8,-0.00000123
1775260800000,8,0.00002819
1775289600003,8,0.00003546
1775318400000,8,-0.00001410
1775347200008,8,0.00000129
1775376000000,8,0.00000364
1775404800001,8,0.00002150
1775433600004,8,0.00003244
1775462400001,8,0.00004497
1775491200003,8,-0.00000786
1775520000000,8,-0.00004172
1775548800000,8,-0.00001234
1775577600000,8,0.00001369
1775606400000,8,0.00005606
1775635200000,8,0.00007269
1775664000006,8,-0.00000581
1775692800000,8,-0.00003612
1775721600010,8,0.00001861
1775750400001,8,-0.00000689
1775779200000,8,-0.00002349
1775808000005,8,0.00000563
1775836800000,8,-0.00006055
1775865600000,8,-0.00006397
1775894400000,8,-0.00000544
1775923200003,8,0.00000746
1775952000000,8,-0.00002063
1775980800000,8,-0.00001473
1776009600000,8,0.00000135
1776038400011,8,-0.00002631
1776067200006,8,-0.00002413
1776096000000,8,-0.00005538
1776124800005,8,-0.00006343
1776153600003,8,0.00000610
1776182400001,8,-0.00005744
1776211200000,8,-0.00010533
1776240000000,8,-0.00005668
1776268800000,8,-0.00004152
1776297600013,8,-0.00006193
1776326400000,8,-0.00002549
1776355200000,8,-0.00003418
1776384000001,8,0.00004330
1776412800011,8,0.00003559
1776441600001,8,-0.00007634
1776470400001,8,-0.00006258
1776499200006,8,-0.00006284
1776528000000,8,-0.00003295
1776556800002,8,-0.00003626
1776585600010,8,-0.00002511
1776614400001,8,-0.00005710
1776643200000,8,-0.00000383
1776672000000,8,-0.00007151
1776700800001,8,-0.00005364
1776729600000,8,-0.00009123
1776758400004,8,-0.00004877
1776787200004,8,-0.00002759
1776816000004,8,-0.00001176
1776844800000,8,-0.00003624
1776873600000,8,-0.00007070
1776902400000,8,-0.00009198
1776931200000,8,-0.00003750
1776960000004,8,-0.00002753
1776988800006,8,-0.00005345
1777017600000,8,-0.00005308
1777046400000,8,-0.00005172
1777075200000,8,-0.00003167
1777104000002,8,-0.00002849
1777132800002,8,-0.00002631
1777161600003,8,0.00001886
1777190400007,8,0.00002162
1777219200004,8,-0.00002974
1777248000004,8,-0.00003792
1777276800000,8,0.00002043
1777305600002,8,0.00000576
1777334400001,8,0.00000585
1777363200000,8,-0.00003166
1777392000004,8,0.00002216
1777420800006,8,0.00000754
1777449600011,8,-0.00004703
1777478400003,8,-0.00000112
1777507200002,8,0.00002533
1777536000000,8,0.00001315
1777564800000,8,0.00003850
1777593600000,8,0.00003534
1777622400005,8,0.00007312
1777651200000,8,-0.00002191
1777680000006,8,-0.00004961
1777708800000,8,0.00000945
1777737600010,8,0.00001644
1777766400005,8,0.00001454
1777795200003,8,-0.00002193
1777824000000,8,-0.00000802
1777852800000,8,0.00001397
1777881600000,8,0.00001503
1777910400003,8,-0.00001726
1777939200000,8,-0.00007398
1777968000011,8,-0.00005040
1777996800000,8,-0.00006660
1778025600010,8,-0.00007625
1778054400000,8,-0.00006709
1778083200002,8,-0.00003669
1778112000000,8,-0.00000690
1778140800000,8,0.00000615
1778169600004,8,-0.00001199
1778198400003,8,0.00003469
1778227200002,8,0.00000708
1778256000003,8,-0.00002049
1778284800000,8,0.00003499
1778313600001,8,0.00002708
1778342400002,8,0.00000437
1778371200003,8,-0.00005992
1778400000000,8,0.00001753
1778428800000,8,-0.00004030
1778457600000,8,0.00002713
1778486400000,8,-0.00001801
1778515200000,8,-0.00000293
1778544000002,8,0.00001049
1778572800008,8,-0.00000198
1778601600000,8,0.00001054
1778630400010,8,0.00002430
1778659200003,8,0.00004441
1778688000001,8,-0.00002079
1778716800005,8,0.00000582
1778745600000,8,0.00000846
1778774400000,8,0.00002673
1778803200000,8,-0.00005627
1778832000016,8,-0.00000992
1778860800012,8,0.00000475
1778889600005,8,0.00003337
1778918400000,8,0.00002865
1778947200005,8,0.00005627
1778976000000,8,-0.00000306
1779004800010,8,0.00002571
1779033600009,8,-0.00001240
1779062400007,8,-0.00002685
1779091200002,8,0.00000750
1779120000007,8,0.00006984
1779148800001,8,0.00010000
1779177600001,8,0.00006555
1779206400009,8,0.00010000
1779235200001,8,0.00010000
1779264000006,8,0.00009411
1779292800000,8,0.00008932
1779321600001,8,0.00007090
1779350400000,8,0.00006882
1779379200000,8,0.00006857
1779408000000,8,0.00010000
1779436800004,8,0.00009727
1779465600001,8,0.00006078
1779494400009,8,0.00006186
1779523200001,8,0.00004652
1779552000003,8,0.00004464
1779580800011,8,0.00002528
1779609600008,8,-0.00000110
1779638400000,8,0.00001414
1779667200001,8,0.00005515
1779696000001,8,0.00008006
1779724800001,8,0.00006011
1779753600000,8,0.00006465
1779782400003,8,0.00003867
1779811200000,8,0.00008777
1779840000000,8,0.00007240
1779868800004,8,0.00006891
1779897600009,8,0.00010000
1779926400001,8,0.00010000
1779955200000,8,0.00010000
1779984000001,8,0.00010000
1780012800000,8,0.00010000
1780041600001,8,0.00010000
1780070400008,8,0.00009440
1780099200000,8,0.00005331
1780128000001,8,0.00006767
1780156800000,8,0.00007301
1780185600000,8,0.00005064
1780214400000,8,0.00004480
1780243200004,8,0.00006931
1780272000001,8,0.00009041
1780300800001,8,0.00009798
1780329600000,8,0.00009771
1780358400000,8,0.00008366
1780387200000,8,0.00010000
1780416000000,8,0.00001903
1780444800013,8,0.00002637
1780473600000,8,0.00001200
1780502400001,8,0.00004781
1780531200009,8,0.00003434
1780560000000,8,0.00000210
1780588800003,8,0.00004671
1780617600000,8,0.00002033
1780646400004,8,0.00007718
1780675200009,8,-0.00002508
1780704000000,8,0.00001720
1780732800000,8,0.00002575
1780761600000,8,-9.0E-7
1780790400001,8,0.00000664
1780819200000,8,-0.00002835
1780848000000,8,0.00000216
1780876800000,8,0.00002371
1780905600005,8,0.00002720
1780934400004,8,0.00001649
1780963200000,8,0.00001157
1780992000000,8,0.00003681
1781020800001,8,0.00001422
1781049600001,8,0.00010000
1781078400011,8,0.00004190
1781107200009,8,0.00009384
1781136000000,8,0.00006522
1781164800004,8,0.00007809
1781193600000,8,0.00004626
1781222400000,8,0.00001138
1781251200000,8,0.00001795
1781280000000,8,-0.00000295
1781308800000,8,0.00001400
1781337600007,8,-0.00001347
1781366400002,8,-0.00000824
1781395200005,8,-0.00000425
1781424000009,8,-0.00000342
1781452800000,8,0.00001490
1781481600013,8,0.00004750
1781510400013,8,0.00001091
1781539200004,8,-0.00000495
1781568000000,8,0.00000563
1781596800000,8,0.00000882
1781625600001,8,0.00000460
1781654400012,8,0.00007080
1781683200000,8,0.00003214
1781712000000,8,0.00005281
1781740800002,8,0.00001636
1781769600000,8,0.00004720
1781798400001,8,0.00002171
1781827200005,8,0.00003355
1781856000001,8,0.00003648
1781884800001,8,0.00004082
1781913600001,8,0.00002647
1781942400000,8,0.00000683
1781971200001,8,0.00001604
1782000000000,8,0.00003389
1782028800000,8,0.00001088
1782057600000,8,0.00001381
1782086400000,8,0.00000336
1782115200000,8,0.00003075
1782144000002,8,0.00005809
1782172800003,8,0.00004662
1782201600005,8,-1.6E-7
1782230400002,8,0.00003519
1782259200005,8,0.00003408
1782288000005,8,0.00005011
1782316800003,8,0.00002333
1782345600000,8,-0.00001064
1782374400000,8,-0.00001626
1782403200000,8,-0.00002953
1782432000010,8,0.00003164
1782460800002,8,0.00003822
1782489600000,8,0.00010000
1782518400000,8,0.00005825
1782547200000,8,0.00004724
1782576000009,8,0.00000957
1782604800000,8,0.00005300
1782633600013,8,0.00005169
1782662400000,8,0.00003400
1782691200006,8,0.00004878
1782720000013,8,0.00005784
1782748800004,8,0.00010000
1782777600000,8,0.00007833
1782806400000,8,0.00003353
1782835200005,8,0.00004251
1782864000000,8,0.00005647
1782892800000,8,0.00003207
1782921600000,8,0.00008765
1782950400000,8,0.00009487
1782979200000,8,0.00009443
1783008000000,8,0.00007494
1783036800000,8,0.00006739
1783065600007,8,0.00010000
1783094400000,8,0.00001614
1783123200000,8,0.00001711
1783152000000,8,0.00006150
1783180800007,8,0.00005687
1783209600003,8,0.00001161
1783238400001,8,0.00006467
1783267200000,8,0.00004982
1783296000000,8,0.00006518
1783324800000,8,0.00004707
1783353600000,8,0.00006323
1783382400000,8,0.00010000
1783411200000,8,0.00006793
1783440000000,8,0.00007967
1783468800000,8,0.00007620
1783497600000,8,0.00007154
1783526400000,8,0.00009060
1783555200000,8,0.00008120
1783584000001,8,0.00008483
1783612800001,8,0.00006946
1783641600000,8,0.00005961
1783670400005,8,0.00009351
1783699200005,8,0.00008860
1783728000000,8,0.00005133
1783756800000,8,0.00002353
1783785600000,8,0.00008747
1783814400000,8,0.00005535
1783843200003,8,0.00004134
1783872000000,8,0.00007490
1783900800000,8,0.00004163
1783929600001,8,0.00001995
1783958400004,8,0.00005126
1783987200000,8,0.00009637
1784016000002,8,0.00004191
1784044800001,8,0.00009648
1784073600005,8,0.00010000
1784102400002,8,0.00010000
1784131200000,8,0.00005924
1784160000000,8,0.00004787
1784188800003,8,0.00006050
1784217600002,8,0.00005094
1784246400000,8,0.00006617
1784275200010,8,0.00005148
1784304000004,8,0.00007770
1784332800000,8,0.00005584
1784361600000,8,0.00007056
1784390400001,8,0.00006943
1784419200003,8,0.00000992
1784448000000,8,0.00007409
1784476800001,8,0.00005732
1784505600000,8,0.00010000
1784534400001,8,0.00007614
1784563200004,8,0.00010000
1784592000001,8,0.00005819
1784620800000,8,0.00010000
1784649600002,8,0.00004345
1784678400000,8,0.00006370
1784707200000,8,0.00005819
1784736000001,8,0.00002928
1784764800000,8,0.00003375
1784793600000,8,0.00000424
1784822400000,8,0.00002763
1784851200000,8,0.00001799
1784880000000,8,0.00006313
1784908800008,8,0.00005227
1784937600002,8,0.00005439
1784966400000,8,0.00002847
1784995200000,8,0.00000842
1785024000000,8,0.00002135
1785052800002,8,0.00002467
1785081600000,8,0.00000908
1785110400010,8,0.00006695
1785139200000,8,0.00010000
1785168000001,8,0.00007217
1785196800000,8,0.00005629
1785225600000,8,-0.00000147
1785254400000,8,0.00005187
1785283200000,8,0.00008583
1785312000002,8,0.00010000
1785340800000,8,0.00010000
1785369600000,8,0.00007690
1785398400000,8,0.00010000
1785427200000,8,0.00008253
1785456000003,8,0.00007095
1785484800000,8,0.00006304
1785513600000,8,0.00001302
1785542400001,8,0.00005287
1785571200000,8,0.00001768
1785600000000,8,0.00002485
1785628800000,8,0.00005409
1785657600000,8,0.00010000
1785686400000,8,0.00006976
1785715200000,8,0.00008232
1785744000000,8,0.00001811
1785772800000,8,0.00006533
1785801600004,8,0.00007149
1785830400002,8,0.00010000
1785859200000,8,0.00007320
1785888000003,8,0.00004585
1785916800004,8,0.00007590
1785945600000,8,0.00006837
1785974400002,8,0.00006312
1786003200000,8,0.00007660
1786032000000,8,0.00003769
1786060800000,8,-0.00000196
1786089600000,8,0.00003044
1786118400000,8,0.00006158
1786147200001,8,0.00000142
1786176000000,8,0.00001345
1786204800002,8,0.00000967
1786233600000,8,0.00000881
1786262400005,8,-0.00001950
1786291200000,8,0.00005960
1786320000001,8,0.00007423
1786348800005,8,0.00005148
1786377600000,8,0.00005082
1786406400000,8,0.00005524
1786435200006,8,0.00005445
1786464000000,8,0.00007301
1786492800001,8,0.00005282
1786521600000,8,0.00008706
1786550400000,8,0.00008446
1786579200000,8,0.00006979
1786608000000,8,0.00009139
1786636800000,8,0.00008738
1786665600000,8,0.00010000
1786694400001,8,0.00009070
1786723200001,8,0.00004649
1786752000003,8,0.00009595
1786780800002,8,0.00006638
1786809600000,8,0.00004758
1786838400000,8,0.00002244
1786867200002,8,0.00003299
1786896000000,8,0.00005195
1786924800001,8,0.00006000
1786953600003,8,0.00009448
1786982400005,8,0.00010000
1787011200006,8,0.00005786
1787040000001,8,0.00007527
1787068800003,8,0.00007471
1787097600000,8,0.00006262
1787126400000,8,0.00001747
1787155200004,8,0.00010000
1787184000001,8,0.00009806
1787212800000,8,0.00010000
1787241600005,8,0.00005415
1787270400004,8,0.00000376
1787299200000,8,0.00008458
1787328000001,8,0.00010000
1787356800000,8,0.00008780
1787385600000,8,0.00010000
1787414400000,8,0.00010000
1787443200000,8,0.00010000
1787472000000,8,0.00010000
1787500800006,8,0.00010000
1787529600001,8,0.00010000
1787558400002,8,0.00010000
1787587200000,8,0.00004301
1787616000001,8,-0.00000471
1787644800000,8,0.00005005
1787673600005,8,0.00002004
1787702400000,8,0.00002656
1787731200005,8,0.00006710
1787760000000,8,0.00005676
1787788800000,8,0.00002346
1787817600000,8,0.00006645
1787846400013,8,0.00003196
1787875200026,8,-0.00002116
1787904000000,8,0.00000519
1787932800001,8,0.00003925
1787961600000,8,0.00007445
1787990400000,8,0.00007472
1788019200002,8,0.00007501
1788048000000,8,0.00003278
1788076800000,8,0.00004982
1788105600001,8,0.00005718
1788134400002,8,0.00005623
1788163200002,8,0.00009668
1788192000001,8,0.00006396
